,RMSE,MAE,R2
RNN-only,0.01058,0.0064,0.95527
CNN-only,0.0169,0.00982,0.88583
CNN + RNN,0.01308,0.00836,0.93159
CNN+RNN (GLDAS-only),0.02123,0.0146,0.81985
